{"cameraMode":{"drawMode":0,"name":"Shaded","section":"Shading Mode"},"sceneLighting":true,"audioPlay":false,"sceneViewState":{"showFog":true,"showMaterialUpdate":false,"showSkybox":true,"showFlares":true,"showImageEffects":true,"showParticleSystems":true},"in2DMode":false,"pivot":{"x":26.85000228881836,"y":-6.979198455810547,"z":7.384611129760742},"rotation":{"x":-0.5613657832145691,"y":-0.0921456441283226,"z":0.06308173388242722,"w":-0.8200002908706665},"size":22.74435043334961,"orthographic":false}