{"cameraMode":{"drawMode":0,"name":"Shaded","section":"Shading Mode"},"sceneLighting":true,"audioPlay":false,"sceneViewState":{"showFog":true,"showMaterialUpdate":false,"showSkybox":true,"showFlares":true,"showImageEffects":true,"showParticleSystems":true},"in2DMode":false,"pivot":{"x":1.0770000219345093,"y":0.281000018119812,"z":-2.757999897003174},"rotation":{"x":0.03233306109905243,"y":0.8172184228897095,"z":-0.0460812933743,"w":0.5735828876495361},"size":0.3061862587928772,"orthographic":false}